adAuthorization,adLabelVersion,author_commentSetting,author_downloadSetting,author_ftc,author_id,author_isADVirtual,author_isEmbedBanned,author_nickname,author_openFavorite,author_privateAccount,author_relation,author_secUid,author_secret,author_signature,author_stitchSetting,author_ttSeller,author_uniqueId,author_verified,authorStats_diggCount,authorStats_followerCount,authorStats_followingCount,authorStats_heart,authorStats_heartCount,authorStats_videoCount,collected,contents_0_desc,contents_1_desc,createTime,desc,digged,diversificationId,forFriend,id,isAd,itemMute,music_album,music_authorName,music_duration,music_id,music_original,music_title,officalItem,originalItem,playlistId,privateItem,secret,shareEnabled,showNotPass,stats_collectCount,stats_commentCount,stats_diggCount,stats_playCount,stats_shareCount,stitchDisplay,stitchEnabled,video_bitrate,video_bitrateInfo_0_Bitrate,video_bitrateInfo_0_CodecType,video_bitrateInfo_0_GearName,video_bitrateInfo_0_QualityType,video_bitrateInfo_1_Bitrate,video_bitrateInfo_1_CodecType,video_bitrateInfo_1_GearName,video_bitrateInfo_1_QualityType,video_bitrateInfo_2_Bitrate,video_bitrateInfo_2_CodecType,video_bitrateInfo_2_GearName,video_bitrateInfo_2_QualityType,video_codecType,video_definition,video_duration,video_encodeUserTag,video_encodedType,video_format,video_height,video_id,video_ratio,video_size,video_videoQuality,video_volumeInfo_Loudness,video_volumeInfo_Peak,video_width,vl1
FALSE,0,0,0,FALSE,7.20368E+18,FALSE,FALSE,Champagne Rugby,FALSE,FALSE,0,MS4wLjABAAAAxhBLph4TlR_iwcIkKQjKq4eFVCSRJT1RcJbLVDlb3mPzLMxJ6hYQbjqTM7-Wyp1I,FALSE,"All the best rugby content in one place. 
@champagnerugby on IG",0,FALSE,champagne_rugby,FALSE,25,8826,0,394500,394500,144,FALSE,Day for it ,#rugby #rugbyunion #rugbyleague,1683636521,Day for it  #rugby #rugbyunion #rugbyleague,FALSE,10059,FALSE,7.23116E+18,FALSE,FALSE,,Champagne Rugby,48,7.23116E+18,TRUE,original sound,FALSE,FALSE,,FALSE,FALSE,TRUE,FALSE,11100,704,192100,2000000,1620,0,TRUE,2502236,2502236,h264,normal_540_0,20,1295742,h264,lower_540_0,24,889773,h264,lowest_540_0,25,h264,540p,48,,normal,mp4,1024,7.23116E+18,540p,15117887,normal,-17.8,0.97724,576,FALSE
FALSE,0,0,0,FALSE,6.94544E+18,FALSE,FALSE,ovbs119,FALSE,FALSE,0,MS4wLjABAAAAU0bSqhRVIx5pvQBkFqV94riNT0aP98vR8oQ2UKQOnfH5sKyLLdh7ZAm1fO6kbzRW,FALSE,,0,FALSE,ovbs119,FALSE,21,253300,39,2700000,2700000,712,FALSE,,,1681126648,,FALSE,10000,FALSE,7.22038E+18,FALSE,FALSE,,ovbs119,91,7.22038E+18,TRUE,original sound,FALSE,FALSE,,FALSE,FALSE,TRUE,FALSE,1730,39,11300,633000,85,0,TRUE,1121910,1121910,h264,normal_720_0,10,1055509,h264,normal_540_0,20,602874,h264,lower_540_0,24,h264,720p,91,,normal,mp4,720,7.22038E+18,720p,12804640,normal,-12.8,1,720,FALSE
FALSE,0,0,0,FALSE,7.19265E+18,FALSE,FALSE,djdtkc6,FALSE,FALSE,0,MS4wLjABAAAAf0Z2YMK4v297fdG40UGEOrF4ofRvyLKB8cYJ8GkauOgpjcFGMA4nObWSwSEEhCwD,FALSE,,0,FALSE,djdtkc6,FALSE,6,374300,11,5200000,5200000,400,FALSE,#foryou #fyp #funny #foryoupage ,,1687698574,#foryou #fyp #funny #foryoupage ,FALSE,10000,FALSE,7.24861E+18,FALSE,FALSE,,djdtkc6,136,7.24861E+18,TRUE,original sound,FALSE,FALSE,,FALSE,FALSE,TRUE,FALSE,627,37,4422,137900,13,0,TRUE,749744,749744,h264,normal_540_0,20,457544,h264,lower_540_0,24,355557,h264,lowest_540_0,25,h264,540p,136,,normal,mp4,1024,7.24861E+18,540p,12821575,normal,-13.2,0.97724,576,FALSE
FALSE,0,0,0,FALSE,7.23663E+18,FALSE,FALSE,cynthia,FALSE,FALSE,0,MS4wLjABAAAAVX_WD0Cw0vPdXD8DZv6eL2QxJ9C1hqMdkEzYP4yaKbsvaci6Tbh_r4g4ptJKmHEq,FALSE,,0,FALSE,cynthiakk1,FALSE,935,34100,1,7100000,7100000,87,FALSE,#movie #tiktok #fyp ,Beautiful talented lawyer showing off her skills,1686405644,#movie #tiktok #fyp  Beautiful talented lawyer showing off her skills,FALSE,10045,FALSE,7.24306E+18,FALSE,FALSE,,cynthia,118,7.24306E+18,TRUE,ÂéüËÅ≤,FALSE,FALSE,,FALSE,FALSE,TRUE,FALSE,145700,2921,2600000,17000000,4653,0,TRUE,1144277,1144277,h264,normal_540_0,20,601109,h264,lower_540_0,24,428022,h264,lowest_540_0,25,h264,540p,118,,normal,mp4,1024,7.24306E+18,540p,16999526,normal,-13.5,1,576,FALSE
FALSE,0,0,0,FALSE,7.11991E+18,FALSE,FALSE,all_join,FALSE,FALSE,0,MS4wLjABAAAAc0oahk4npA2EHEtQYpfKM2jwmEmFamjwxn0Rmsh_rbtiKUA_s7nelcIlnWCcZNax,FALSE,please follow for more videos ü•∞,1,FALSE,under_ground6,FALSE,133,2111,11,237100,237100,23,FALSE,Bagel Head Modifcation. #shorts #fyppppppppppppppppppppppp #tiktok ,,1687554238,Bagel Head Modifcation. #shorts #fyppppppppppppppppppppppp #tiktok ,FALSE,10096,FALSE,7.24799E+18,FALSE,FALSE,,all_join,28,7.24799E+18,TRUE,original sound,FALSE,FALSE,,FALSE,FALSE,TRUE,FALSE,14100,1876,235200,3700000,1884,0,TRUE,625754,625754,h264,normal_480_0,30,486521,h264,lower_540_0,24,374401,h264,lowest_540_0,25,h264,480p,28,,normal,mp4,854,7.24799E+18,480p,2250370,normal,-21.5,0.72444,480,FALSE
FALSE,0,0,0,FALSE,7.12667E+18,FALSE,FALSE,Kristie and Matthew,FALSE,FALSE,0,MS4wLjABAAAAjWnf4SE02hgTLYNlNHWAawSIQNUPSzLBsKW-68MwssiriMzK715Au0GKSHz3qcD9,FALSE,"‚ô•Ô∏é ‚úû 
K + M
two best friends in love
RELATABLE RELATIONSHIP CONTENT
join the fam",0,FALSE,kristieandmatthew,FALSE,640,75100,29,10100000,10100000,135,FALSE,I cannot believe this actually happened üíÄ #fail #gymfail #crush #funny #relatable #gymtok ,,1685824548,I cannot believe this actually happened üíÄ #fail #gymfail #crush #funny #relatable #gymtok ,FALSE,10003,FALSE,7.24056E+18,FALSE,FALSE,Cold As Ice,Kreepa,166,6.58695E+18,FALSE,Oh No,FALSE,FALSE,,FALSE,FALSE,TRUE,FALSE,206000,24100,5300000,39700000,69000,0,TRUE,847280,847280,h264,normal_540_0,20,484464,h264,lower_540_0,24,356526,h264,lowest_540_0,25,h264,540p,15,,normal,mp4,1024,7.24056E+18,540p,1640230,normal,-16.6,0.92257,576,FALSE
FALSE,0,0,0,FALSE,7.03383E+18,FALSE,FALSE,steka,TRUE,FALSE,0,MS4wLjABAAAAsHXfhrXyEn75ruXsAnblTy8QdUXXXBQPLfIeBuL4oMO8-NfKVk1geUP5o9DlgyhS,FALSE,play by my own rules,1,FALSE,nickiminajhiphop,FALSE,2844,5594,602,182800,182800,266,FALSE,#ellen show who'd you rather ,,1687718755,#ellen show who'd you rather ,FALSE,10088,FALSE,7.2487E+18,FALSE,FALSE,,steka,95,7.2487E+18,TRUE,original sound,FALSE,FALSE,,FALSE,FALSE,TRUE,FALSE,1585,101,39900,1800000,103,0,TRUE,148115,148115,h264,normal_480_0,30,118864,h264,lower_540_0,24,98023,h264,lowest_540_0,25,h264,480p,95,,normal,mp4,854,7.2487E+18,480p,1764760,normal,-21.8,0.54954,480,FALSE
FALSE,0,0,0,FALSE,7.16995E+18,FALSE,FALSE,Rr,FALSE,FALSE,0,MS4wLjABAAAAORfnOCSC5tBeE54VnYmu0oTZ0Wc8djh0LuKzS34AvLUx4mE7NRiug05u0y34A9AR,FALSE,Please give me a lot of likes! Please!‚ù§Ô∏èplease‚ù§Ô∏è,0,FALSE,tomandjerry_ikp,FALSE,204,40400,4,2600000,2600000,268,FALSE,#thereshegoes #lpy11 #foryou #‚ù§Ô∏è #movieclips #movie #filmclips #tiktok #fyp #filmtok #moviescenes #foryou #scene ,,1686995647,#thereshegoes #lpy11 #foryou #‚ù§Ô∏è #movieclips #movie #filmclips #tiktok #fyp #filmtok #moviescenes #foryou #scene ,FALSE,10045,FALSE,7.24559E+18,FALSE,FALSE,Silent Song,Silent Song,10,6.76771E+18,FALSE,Silent Song,FALSE,FALSE,,FALSE,FALSE,TRUE,FALSE,15900,599,251000,4600000,180,0,TRUE,545000,545000,h264,normal_540_0,20,314005,h264,lower_540_0,24,239495,h264,lowest_540_0,25,h264,540p,107,,normal,mp4,1024,7.24559E+18,540p,7350830,normal,-18.6,0.91201,576,FALSE
FALSE,0,0,0,FALSE,7.22553E+18,FALSE,FALSE,makingfilm,FALSE,FALSE,0,MS4wLjABAAAAEMVsqUb2aTvKLGGGeJEzh5X2nOiHp6yQnDS5A0VSkAkX5bg9ARCU5oLO7WXIsj4g,FALSE,,0,FALSE,hofilm,FALSE,2,160600,3,3700000,3700000,228,FALSE,PART1‚òëÔ∏è#foryou #fyp #moive ,,1687627712,PART1‚òëÔ∏è#foryou #fyp #moive ,FALSE,10045,FALSE,7.24831E+18,FALSE,FALSE,,makingfilm,68,7.24831E+18,TRUE,original sound,FALSE,FALSE,,FALSE,FALSE,TRUE,FALSE,23200,255,173800,3700000,262,0,TRUE,662451,662451,h264,normal_540_0,20,370210,h264,lower_540_0,24,285200,h264,lowest_540_0,25,h264,540p,68,,normal,mp4,1024,7.24831E+18,540p,5675886,normal,-19.5,0.73282,576,FALSE
FALSE,0,0,3,FALSE,1379259,FALSE,FALSE,Lisa,FALSE,FALSE,0,MS4wLjABAAAAZOGgvHKrZaHxBfYmEEVRNTdzq-grjQ0ZfKuHd9oZ4q4,FALSE,,3,FALSE,lisastav,FALSE,16500,1714,485,72800,72800,22,FALSE,Tried to do the karaoke challenge and this is what happened üòÇüò≠ ##karaoke##karaokechallenge##straya##fail,,1680433394,Tried to do the karaoke challenge and this is what happened üòÇüò≠ ##karaoke##karaokechallenge##straya##fail,FALSE,10009,FALSE,7.21741E+18,FALSE,FALSE,,Lisa,35,7.21741E+18,TRUE,original sound,FALSE,FALSE,,FALSE,FALSE,TRUE,FALSE,8761,424,56300,536500,2591,0,FALSE,1117376,1117376,h264,normal_540_0,20,605950,h264,lower_540_0,24,446712,h264,lowest_540_0,25,h264,540p,35,,normal,mp4,1024,7.21741E+18,540p,4906820,normal,-17.9,0.95499,576,FALSE
FALSE,0,0,0,FALSE,6.54779E+18,FALSE,FALSE,Ellen,FALSE,FALSE,0,MS4wLjABAAAAEPJ1tmS0y8fCnEQISvlRKh17d97BnfcVb6AugB-shI0-ybdRwIGGRplUkhhuYOmE,FALSE,,0,FALSE,ellendegeneres,TRUE,164,11400000,28,198000000,198000000,1152,FALSE,"So many people asked to be scared on the show. Even more asked if they could scare someone. Watching this countdown of the top 10 most-viewed scares, I see why. #theellenshow  #top10 #jumpscare ",,1686948312,"So many people asked to be scared on the show. Even more asked if they could scare someone. Watching this countdown of the top 10 most-viewed scares, I see why. #theellenshow  #top10 #jumpscare ",FALSE,10088,FALSE,7.24539E+18,FALSE,FALSE,,Ellen,157,7.24539E+18,TRUE,original sound,FALSE,FALSE,,FALSE,FALSE,TRUE,FALSE,18000,622,337500,5000000,1324,0,TRUE,791511,791511,h264,normal_540_0,20,456639,h264,lower_540_0,24,338902,h264,lowest_540_0,25,h264,540p,157,,normal,mp4,960,7.24539E+18,540p,15550624,normal,-14.8,0.80353,540,FALSE
FALSE,0,0,0,FALSE,7.04089E+18,FALSE,FALSE,Me_,FALSE,FALSE,0,MS4wLjABAAAA1vR_6mVkte8WwdZbbxvLur0y6jGutSNFEAQuVMobwRFZ8UVTqczR-jL3-c3N0Eti,FALSE,No bio,0,FALSE,just_or,FALSE,184,7477,6,554100,554100,8,FALSE,Speed is not right in is headüòÇüòÇüòÇüòÇ#ishowspeed #fyp #fifa ,,1686840903,Speed is not right in is headüòÇüòÇüòÇüòÇ#ishowspeed #fyp #fifa ,FALSE,10056,FALSE,7.24493E+18,FALSE,FALSE,,Me_,77,7.24493E+18,TRUE,son original,FALSE,FALSE,,FALSE,FALSE,TRUE,FALSE,72700,3368,546800,5500000,6950,0,TRUE,744647,744647,h264,normal_540_0,20,466403,h264,lower_540_0,24,358371,h264,lowest_540_0,25,h264,540p,77,,normal,mp4,730,7.24493E+18,540p,7220008,normal,-12.1,0.74989,576,FALSE
FALSE,0,0,0,FALSE,7.21065E+18,FALSE,FALSE,Teddy Fozo,FALSE,FALSE,0,MS4wLjABAAAA0beKAVhowGFgCSr1AHH0Q05K6Iqzn52Ocmeuwz1FvQqfkVcZjYxwndLK0xniRDag,FALSE,,0,FALSE,ynwteddyfozo,FALSE,490,6317,18,2500000,2500000,262,FALSE,,,1687333641,,FALSE,10003,FALSE,7.24704E+18,FALSE,FALSE,,Teddy Fozo,16,7.24704E+18,TRUE,original sound,FALSE,FALSE,,FALSE,FALSE,TRUE,FALSE,32000,975,443600,7200000,842,0,TRUE,598633,598633,h264,normal_480_0,30,467940,h264,lower_540_0,24,354386,h264,lowest_540_0,25,h264,480p,16,,normal,mp4,854,7.24704E+18,480p,1263191,normal,-10.2,1,480,FALSE
FALSE,0,0,0,FALSE,7.2344E+18,FALSE,FALSE,Wayne,FALSE,FALSE,0,MS4wLjABAAAA3OcUWsliXyQN244eryXreMEtRo3Wn1lqznPHILd0l5nEwMaWCL5VJ4nsreSe2gLf,FALSE,Follow me for more,0,FALSE,movie.wayne,FALSE,7,205300,2,10600000,10600000,74,FALSE,#movieclips #wayne #fyp„Ç∑ ,,1687186687,#movieclips #wayne #fyp„Ç∑ ,FALSE,10045,FALSE,7.24641E+18,FALSE,FALSE,Storytelling,Adriel,173,7.0311E+18,FALSE,Storytelling,FALSE,FALSE,,FALSE,FALSE,TRUE,FALSE,24200,1152,227600,4600000,441,0,TRUE,1919390,1919390,h264,normal_540_0,20,1041516,h264,lower_540_0,24,728393,h264,lowest_540_0,25,h264,540p,76,,normal,mp4,768,7.24641E+18,540p,18473170,normal,-14.3,1,576,FALSE
FALSE,0,0,0,FALSE,7.0941E+18,FALSE,FALSE,LaMelo Ball üõ∏üî•,TRUE,FALSE,0,MS4wLjABAAAA7KR8F_4zjLzvlQBV8r1D-W9Gd--olK3FP21rQRPZmZoa88cdGjIGmTBYogXHCi_9,FALSE,"ùô¨ùôöùô°ùôòùô§ùô¢ùôö üèÄ‚≠ê
ùòæùô§ùô£ùô©ùôöùô£ùô© ùòæùôßùôöùôñùô©ùô§ùôß
help me get 1M followers",0,FALSE,lamelowithball,FALSE,58500,588600,527,20300000,20300000,140,FALSE,How engineers play basketball ü§©üèÄüõ∏ #nba #foryou #foryoupage #fyp #fyp„Ç∑ #viral #blowthisup #dontletthisflop #engineers ,,1687672246,How engineers play basketball ü§©üèÄüõ∏ #nba #foryou #foryoupage #fyp #fyp„Ç∑ #viral #blowthisup #dontletthisflop #engineers ,FALSE,10059,FALSE,7.2485E+18,FALSE,FALSE,Love You So,The King Khan & BBQ Show,60,6.72856E+18,FALSE,Love You So,FALSE,FALSE,7.14501E+18,FALSE,FALSE,TRUE,FALSE,11100,373,92400,1300000,390,0,TRUE,977146,977146,h264,normal_540_0,20,519191,h264,lower_540_0,24,377367,h264,lowest_540_0,25,h264,540p,84,,normal,mp4,768,7.2485E+18,540p,10378153,normal,-23.4,0.21878,576,FALSE
FALSE,0,0,0,FALSE,7.16244E+18,FALSE,FALSE,INTERESTING FACTS,FALSE,FALSE,0,MS4wLjABAAAAF4lIYqoL15jtPjbAHR59K7GThRA2swmjGo2g4-06A1jtDpcANTSYvG1Z8Q4P6eKF,FALSE,INTERESTING FACTS,0,FALSE,interestingfacts.tv1,FALSE,0,47900,0,1200000,1200000,139,FALSE,Stupidest creature on the planet #interestingfacts #mystery ,,1687450428,Stupidest creature on the planet #interestingfacts #mystery ,FALSE,10092,FALSE,7.24754E+18,FALSE,FALSE,,INTERESTING FACTS,71,7.24754E+18,TRUE,original sound,FALSE,FALSE,,FALSE,FALSE,TRUE,FALSE,28700,3763,403200,3200000,13900,0,TRUE,692194,692194,h264,normal_540_0,20,382654,h264,lower_540_0,24,282980,h264,lowest_540_0,25,h264,540p,71,,normal,mp4,1024,7.24754E+18,540p,6217898,normal,-17,0.72444,576,FALSE
FALSE,0,0,3,FALSE,6.70736E+18,FALSE,FALSE,KingZippy,FALSE,FALSE,0,MS4wLjABAAAApn6GfP9YjINX59DN_-TDvh1bCwUI9_HpzbacUJW6DBBPlFfbXOlqk6zoGts474tc,FALSE,"‚úâÔ∏è thekingzippy@gmail.com
Parody videos / ‚¨áÔ∏èYT Channel",0,FALSE,kingzippy,FALSE,23300,9400000,1918,214800000,214800000,3820,FALSE,Living with siblings : not again!! #livingwithsiblings #parody #sibling #siblings #youngest #oldestchild #middlechild #memes #meme #zippyfamily #skit #brother #brothers #moms #dinner #letsgo #comedyskit ,,1684351424,Living with siblings : not again!! #livingwithsiblings #parody #sibling #siblings #youngest #oldestchild #middlechild #memes #meme #zippyfamily #skit #brother #brothers #moms #dinner #letsgo #comedyskit ,FALSE,10000,FALSE,7.23423E+18,FALSE,FALSE,,KingZippy,155,7.23423E+18,TRUE,original sound,FALSE,FALSE,7.03551E+18,FALSE,FALSE,TRUE,FALSE,21600,916,158300,1600000,402,0,TRUE,1197146,1197146,h264,normal_720_0,10,1189521,h264,normal_540_0,20,640999,h264,lower_540_0,24,h264,720p,155,,normal,mp4,1280,7.23423E+18,720p,23304696,normal,-14.4,0.94406,720,FALSE
FALSE,0,0,0,FALSE,7.21769E+18,FALSE,FALSE,gnfhh,FALSE,FALSE,0,MS4wLjABAAAAOzVVCwFUDEzSp7ukFRdPxeve2KghwsLpS_3EPmxfsdVfpWLJowk9W3OvJ1XD3I9f,FALSE,,0,FALSE,133luyzwu36,FALSE,18,186400,3,6700000,6700000,108,FALSE,Part2 #video #storytime #dharmann #fyp #foryou #film ,,1681922995,Part2 #video #storytime #dharmann #fyp #foryou #film ,FALSE,10004,FALSE,7.2238E+18,FALSE,FALSE,,gnfhh,139,7.2238E+18,TRUE,original sound,FALSE,FALSE,,FALSE,FALSE,TRUE,FALSE,277,15,2557,146900,6,0,TRUE,1258631,1258631,h264,normal_540_0,20,682850,h264,lower_540_0,24,481130,h264,lowest_540_0,25,h264,540p,139,,normal,mp4,1024,7.2238E+18,540p,21966425,normal,-19.3,1,576,FALSE
FALSE,0,0,3,FALSE,7.1918E+18,FALSE,FALSE,Lindsey wyatt23,FALSE,FALSE,0,MS4wLjABAAAAI2MKdRM-d5EsbiPEZjthWZb3j2QnCDQeRl3X2-pxKNmc3f63-X923SnY5yyYrw7u,FALSE,"Thank you for 100k!
Goal: 200k
I give credit!
‚ö†Ô∏èI'm not impersonating Lindsey‚ö†Ô∏è",0,FALSE,lindsey.wyatt23,FALSE,2152,173800,334,2400000,2400000,128,FALSE,#xyzbca #fyp #family ,,1686052202,#xyzbca #fyp #family ,FALSE,,FALSE,7.24154E+18,FALSE,FALSE,,Lindsey wyatt23,115,7.24154E+18,TRUE,original sound,FALSE,FALSE,7.23871E+18,FALSE,FALSE,TRUE,FALSE,8238,247,39300,404100,223,0,FALSE,941777,941777,h264,normal_540_0,20,552093,h264,lower_540_0,24,410827,h264,lowest_540_0,25,h264,540p,115,,normal,mp4,1024,7.24154E+18,540p,13648242,normal,-14.6,0.98855,576,FALSE
FALSE,0,0,0,FALSE,6.97695E+18,FALSE,FALSE,tronjeanor,FALSE,FALSE,0,MS4wLjABAAAAwkQRBxbrbuC2fS5c-BxRfPsnEAIKWtRlnUv6ZDpFluI2RibAqoVjCTI55vY3_FXn,FALSE,"üá¶üá∫Aussie content creatorüá¶üá∫
Content recruiter for Gravity Gaming
Live on KICK",0,FALSE,tronjeanor,FALSE,829,8235,70,139700,139700,296,FALSE,The best way to get crowns #fortnite #crowns #fortnitefunny #fortniteclips ,,1687084759,The best way to get crowns #fortnite #crowns #fortnitefunny #fortniteclips ,FALSE,10056,FALSE,7.24597E+18,FALSE,FALSE,,tronjeanor,112,7.24597E+18,TRUE,original sound,FALSE,FALSE,,FALSE,FALSE,TRUE,FALSE,475,101,5063,152600,8,0,TRUE,2933189,2933189,h264,normal_540_0,20,1796328,h264,lower_540_0,24,1347382,h264,lowest_540_0,25,h264,540p,112,,normal,mp4,1024,7.24597E+18,540p,41179784,normal,-14.1,1,576,FALSE
FALSE,0,0,3,FALSE,7.19583E+18,FALSE,FALSE,Respect.100,FALSE,FALSE,0,MS4wLjABAAAAq-GBU1deUOisIcc51qSTdmjeB2D07MUN16llOHvKbyiG91D8cM_8TqRBCngEPhCS,FALSE,thank you for following üôÜ‚Äç‚ôÄÔ∏è‚ù§Ô∏èüôè,0,FALSE,kisra.khalil,FALSE,828,2300000,4,34000000,34000000,343,FALSE,Thanks for a million views and Following üíô#respect #explore #viral #foryou #f√ºrdich #foryourpage #fyp #kids #dad #mom #tiktok ,,1682246557,Thanks for a million views and Following üíô#respect #explore #viral #foryou #f√ºrdich #foryourpage #fyp #kids #dad #mom #tiktok ,FALSE,10018,FALSE,7.22519E+18,FALSE,FALSE,,Kina,179,6.83393E+18,FALSE,Get You The Moon,FALSE,FALSE,,FALSE,FALSE,TRUE,FALSE,220700,9127,2300000,21200000,7745,0,TRUE,563275,563275,h264,normal_540_0,20,334139,h264,lower_540_0,24,255563,h264,lowest_540_0,25,h264,540p,65,,normal,mp4,1024,7.22519E+18,540p,4642379,normal,-19.9,0.57544,576,FALSE
FALSE,0,0,0,FALSE,6.82244E+18,FALSE,FALSE,YeSquad,FALSE,FALSE,0,MS4wLjABAAAAf0tD68iHyZysXsEgbk4lre8VfdQ3e2kTOm9Bjcg6JbKC51cUsf2uHmjXKRkyxSCa,FALSE,"YEüîõüîù
-
New YT Videoüîª",0,FALSE,yesquad,FALSE,4155,2100000,8,48900000,48900000,839,FALSE,W or L Picks from @Goofy‚ÅâÔ∏èüëÄ #tierlist #rankthesefoods #draftlist ,,1687894907,W or L Picks from @Goofy‚ÅâÔ∏èüëÄ #tierlist #rankthesefoods #draftlist ,FALSE,10056,FALSE,7.24945E+18,FALSE,FALSE,Sahara,Hensonn,60,7.02702E+18,FALSE,Sahara,FALSE,FALSE,,FALSE,FALSE,TRUE,FALSE,945,121,11500,139400,52,0,TRUE,876263,876263,h264,normal_540_0,20,515197,h264,lower_540_0,24,387536,h264,lowest_540_0,25,h264,540p,30,,normal,mp4,1024,7.24945E+18,540p,3303514,normal,-9.3,1,576,FALSE
FALSE,0,0,0,FALSE,7.24034E+18,FALSE,FALSE,gedama,FALSE,FALSE,0,MS4wLjABAAAAseNwW4d0FCLx_UeIVwJlYqJ_Caz-ZzXfGlvoJdt4i_bPaKDfPq9MHH-tntGIMI_H,FALSE,,0,FALSE,gedamoid9sc,FALSE,0,12300,0,856400,856400,88,FALSE,#tiktok #tvshow ,,1686918721,#tiktok #tvshow ,FALSE,10045,FALSE,7.24526E+18,FALSE,FALSE,,gedama,99,7.24526E+18,TRUE,original sound,FALSE,FALSE,,FALSE,FALSE,TRUE,FALSE,4800,120,83000,883300,44,0,TRUE,801793,801793,h264,normal_540_0,20,450362,h264,lower_540_0,24,334656,h264,lowest_540_0,25,h264,540p,99,,normal,mp4,1024,7.24526E+18,540p,9972306,normal,-14.5,1,576,FALSE
FALSE,0,0,0,FALSE,6.77467E+18,FALSE,FALSE,BGhetto üèè üèâüå±,FALSE,FALSE,0,MS4wLjABAAAAQXp0j0ckIUjGh0w92eboJNCBDNtez3VhvVTPRj-67Lf3yVgq_cXmWn_GpwKVLCZp,FALSE,"Surely not 120k?ü•¥

Insta - YouTube - Merch - Spotify
‚è¨Ô∏è‚è¨Ô∏è‚è¨Ô∏è‚è¨Ô∏è‚è¨Ô∏è‚è¨Ô∏è",0,FALSE,bghetto5000,FALSE,4488,117900,147,5700000,5700000,716,FALSE,Would YOU Use This Product?! üèÄüî• #basketball #sports #invention #wow #notanad ,,1685351061,Would YOU Use This Product?! üèÄüî• #basketball #sports #invention #wow #notanad ,FALSE,10059,FALSE,7.23853E+18,FALSE,FALSE,Sunroof,Nicky Youre & dazy,163,7.03087E+18,FALSE,Sunroof,FALSE,FALSE,,FALSE,FALSE,TRUE,FALSE,303,98,7164,106200,51,0,TRUE,1120947,1120947,h264,normal_540_0,20,610196,h264,lower_540_0,24,437450,h264,lowest_540_0,25,h264,540p,134,,normal,mp4,1024,7.23853E+18,540p,18878712,normal,-18.3,1,576,FALSE
FALSE,0,0,0,FALSE,6.86901E+18,FALSE,FALSE,Angela,FALSE,FALSE,0,MS4wLjABAAAA-IEdlDo6wW4ZOj994gosk88nUQH2YC-pGEGDvZ4tqGI3Tjb9IPoNWiRqPbfxz6VO,FALSE,"20üá®üá¶| 1M+ friendsü´∂
üíåBrand deals: angelaxrosebiz@gmail.com",0,FALSE,angelaxrose,FALSE,31300,1000000,419,36300000,36300000,1766,FALSE,Ocd things #awareness #foru #foryou #ocd #angelaxrose ,,1685045328,Ocd things #awareness #foru #foryou #ocd #angelaxrose ,FALSE,10014,FALSE,7.23721E+18,FALSE,FALSE,,Angela,43,7.23721E+18,TRUE,original sound,FALSE,FALSE,,FALSE,FALSE,TRUE,FALSE,48000,8074,597400,4600000,1346,0,TRUE,3210416,3210416,h264,normal_540_0,20,1390112,h264,lower_540_0,24,846756,h264,lowest_540_0,25,h264,540p,43,,normal,mp4,1024,7.23721E+18,540p,17269635,normal,-16.3,0.93325,576,FALSE
FALSE,0,0,0,FALSE,7.21812E+18,FALSE,FALSE,gdjg,FALSE,FALSE,0,MS4wLjABAAAA7Yn5DXNghaOl3cclNtyYvnQVq6EppsvpLHN8RTW9c2DJOpZsVwTQXnuHtcfAJY50,FALSE,,0,FALSE,4aaayrcbwyn,FALSE,15,274800,5,4500000,4500000,334,FALSE,#storytime #foryou #fyp #fyp„Ç∑ #funny ,,1687672911,#storytime #foryou #fyp #fyp„Ç∑ #funny ,FALSE,,FALSE,7.2485E+18,FALSE,FALSE,Love You So,The King Khan & BBQ Show,60,7.09686E+18,FALSE,Love You So,FALSE,FALSE,,FALSE,FALSE,TRUE,FALSE,587,153,4930,96100,79,0,TRUE,965875,965875,h264,normal_540_0,20,538520,h264,lower_540_0,24,386262,h264,lowest_540_0,25,h264,540p,101,,normal,mp4,576,7.2485E+18,540p,12287266,normal,-9.1,1,576,FALSE
FALSE,0,0,0,FALSE,7.11128E+18,FALSE,FALSE,nachat361,FALSE,FALSE,0,MS4wLjABAAAA3sxYjLuVHmkJeKCMdRdGNE7RmbJAoSXxfX6JprwmSl2xgps021UD4CJVVA0SWR9L,FALSE,"PUB / collab 
IG : nacha_t36
Fb: Nachat36 
YouTube:Nachat36",0,FALSE,nachat361,FALSE,2,28900,1432,361800,361800,278,FALSE,This spot is UNBELIEVABLE! #magnetfishing #shorts,,1687185369,This spot is UNBELIEVABLE! #magnetfishing #shorts,FALSE,10064,FALSE,7.24641E+18,FALSE,FALSE,,nachat361,59,7.24641E+18,TRUE,original sound,FALSE,FALSE,7.24874E+18,FALSE,FALSE,TRUE,FALSE,7912,5958,205900,8500000,3625,0,TRUE,1451526,1451526,h264,normal_480_0,30,,,,,,,,,h264,480p,59,,normal,mp4,854,7.24641E+18,480p,10836006,normal,-13.8,1,480,FALSE
FALSE,0,0,0,FALSE,7.23842E+18,FALSE,FALSE,gm234567x,FALSE,FALSE,0,MS4wLjABAAAAfpoHOwS3eDaCp89M3yFrEb79UsJvIr8Z6YZdtjAPt1bMWIvB7QhycKGU2DCXehYp,FALSE,Keep looking forward to going to the mountain and sea!‚ù§Ô∏è,0,FALSE,gm234567x,FALSE,297,37800,7,1400000,1400000,69,FALSE,#foryoupage #fyp #fyp„Ç∑ #funnyvideos #storytime #art #part17 ,,1687697617,#foryoupage #fyp #fyp„Ç∑ #funnyvideos #storytime #art #part17 ,FALSE,10004,FALSE,7.24861E+18,FALSE,FALSE,,gm234567x,65,7.24861E+18,TRUE,original sound,FALSE,FALSE,,FALSE,FALSE,TRUE,FALSE,12000,338,180000,2600000,105,0,TRUE,1093282,1093282,h264,normal_540_0,20,609478,h264,lower_540_0,24,441216,h264,lowest_540_0,25,h264,540p,65,,normal,mp4,576,7.24861E+18,540p,8998949,normal,-10.1,1,576,FALSE
FALSE,0,0,0,FALSE,6.92432E+18,FALSE,FALSE,Aish,FALSE,FALSE,0,MS4wLjABAAAAa-YHd0BKWmjyVrQqvfSmMvBy4gxA2R1N0qD_LtNhCy68yv1yMXCx8JlsP1lRTi-C,FALSE,Live Life Jewish,0,FALSE,aishjewish,FALSE,948,27500,65,692900,692900,389,FALSE,The Man Who Bought Meals for 400 US Soldiers During an Airport Layover,,1687874914,The Man Who Bought Meals for 400 US Soldiers During an Airport Layover  #jewish #jewishtiktok #chesed ,FALSE,10087,FALSE,7.24937E+18,FALSE,FALSE,,MaxRecStudio,132,7.17966E+18,FALSE,Soft and minimal instrumental music(1259336),FALSE,FALSE,,FALSE,FALSE,TRUE,FALSE,12600,2853,232700,2500000,2645,0,TRUE,709817,709817,h264,normal_540_0,20,414163,h264,lower_540_0,24,311957,h264,lowest_540_0,25,h264,540p,47,,normal,mp4,1024,7.24937E+18,540p,4221373,normal,-23.7,0.31989,576,FALSE
